fips,value
1001,0.511592844395
1003,0.506434244165
1005,0.517325489435
1007,0.493426231113
1009,0.521747481908
1011,0.558130259703
1013,0.503316604813
1015,0.563216533298
1017,0.565197497539
1019,0.539039451544
1021,0.561833425451
1023,0.584085632373
1025,0.49094456986
1027,0.584443614089
1029,0.578913700628
1031,0.543039316772
1033,0.501228886876
1035,0.501585449381
1037,0.51623203172
1039,0.497408447403
1041,0.529207749944
1043,0.583576562676
1045,0.516178240592
1047,0.522276494766
1049,0.524148472603
1051,0.450854096957
1053,0.500702903492
1055,0.562751817613
1057,0.521316477033
1059,0.607150497022
1061,0.512748015272
1063,0.473628967483
1065,0.539369864298
1067,0.393225670646
1069,0.526910470431
1071,0.454125811095
1073,0.621216068863
1075,0.507530158249
1077,0.514198779083
1079,0.500402612227
1081,0.50748800337
1083,0.445601395617
1085,0.533373394671
1087,0.521353983746
1089,0.514839137718
1091,0.578977431739
1093,0.533557859132
1095,0.62844919163
1097,0.538938444694
1099,0.527170671911
1101,0.613060084374
1103,0.567681435669
1105,0.523518794654
1107,0.536741100666
1109,0.521904069218
1111,0.556474473362
1113,0.540393837914
1115,0.516232659623
1117,0.454445599953
1119,0.520604424119
1121,0.440132874548
1123,0.535272779932
1125,0.483127661155
1127,0.521931436947
1129,0.497381464204
1131,0.609774965938
1133,0.492055146956
2013,0.100285147281
2016,0.315169765316
2020,0.557555697444
2050,0.437391650699
2060,0.484594621948
2068,0.319651789592
2070,0.554529584327
2090,0.473240436675
2100,0.432541445648
2105,0.260728681572
2110,0.522044829042
2122,0.424323770095
2130,0.492528098215
2150,0.535549350891
2164,0.454612933721
2170,0.444561643707
2180,0.35136238522
2185,0.538524151002
2188,0.22904604329
2195,0.484655798569
2198,0.493753888609
2220,0.516659991933
2230,0.209060886358
2240,0.440125802362
2261,0.429190028028
2270,0.250820817966
2275,0.425505821725
2282,0.413614266642
2290,0.446012910081
4001,0.390235552913
4003,0.474212311543
4005,0.469937910359
4007,0.423340627442
4009,0.486482427913
4011,0.469114954027
4012,0.409435209813
4013,0.487429823021
4015,0.375617288651
4017,0.505199266834
4019,0.474508631442
4021,0.382332227943
4023,0.492955889927
4025,0.462831997727
4027,0.447455321138
5001,0.539092057547
5003,0.541666228934
5005,0.469843223754
5007,0.482310205686
5009,0.570987761545
5011,0.57070240378
5013,0.465618876035
5015,0.523323038612
5017,0.476193386864
5019,0.525008227906
5021,0.451410704515
5023,0.502220238865
5025,0.523403986326
5027,0.435399899648
5029,0.499280076203
5031,0.499340214262
5033,0.545837993551
5035,0.459776139936
5037,0.557107186193
5039,0.56721319008
5041,0.503441436278
5043,0.495251424503
5045,0.491858773279
5047,0.463850636645
5049,0.517664826195
5051,0.516475361877
5053,0.492488474464
5055,0.497477760906
5057,0.479218475759
5059,0.517828252956
5061,0.556533395958
5063,0.551355640851
5065,0.485535510591
5067,0.521760348544
5069,0.490696660448
5071,0.530096158256
5073,0.496778870032
5075,0.506478009849
5077,0.458430370917
5079,0.460537937165
5081,0.554160710536
5083,0.59348033805
5085,0.483176842456
5087,0.47963070454
5089,0.45001660599
5091,0.486892515319
5093,0.555621235664
5095,0.597105060013
5097,0.406534259681
5099,0.421055601391
5101,0.501391794628
5103,0.60568082725
5105,0.497544895092
5107,0.543101146982
5109,0.520676942647
5111,0.541659032845
5113,0.529164330696
5115,0.519138915762
5117,0.440949365981
5119,0.610398855886
5121,0.53189138668
5123,0.474762495546
5125,0.4614704418
5127,0.537602566477
5129,0.485146053068
5131,0.526673339174
5133,0.60783440599
5135,0.562482402025
5137,0.525095157529
5139,0.487551426479
5141,0.453804615043
5143,0.589729561848
5145,0.565099192807
5147,0.455561911095
5149,0.566124097417
6001,0.553910025091
6003,0.320482860831
6005,0.42895956629
6007,0.478638834668
6009,0.538196795223
6011,0.561684521771
6013,0.519465136952
6015,0.412751662464
6017,0.49745079976
6019,0.496602791194
6021,0.447446333431
6023,0.468892738982
6025,0.411899817028
6027,0.520214611153
6029,0.515156313246
6031,0.487918891482
6033,0.412906191405
6035,0.387959024527
6037,0.564673487551
6039,0.48025814875
6041,0.532268020141
6043,0.521679648025
6045,0.49467010085
6047,0.403874110548
6049,0.399223282311
6051,0.588284971707
6053,0.546777432973
6055,0.552435099785
6057,0.484986055169
6059,0.538057080768
6061,0.463424060412
6063,0.432926454373
6065,0.481183794364
6067,0.565464862218
6069,0.511080174531
6071,0.471763922187
6073,0.533327975213
6075,0.693886047981
6077,0.542976797603
6079,0.53787376592
6081,0.537503514953
6083,0.584295389976
6085,0.539904713648
6087,0.593416441545
6089,0.413743968399
6091,0.297779520707
6093,0.48901806932
6095,0.525619634163
6097,0.502400861165
6099,0.433806188655
6101,0.431747161078
6103,0.435634619538
6105,0.337006350142
6107,0.486461553219
6109,0.450411428064
6111,0.505034200945
6113,0.474256516768
6115,0.474110929813
8001,0.422177700738
8003,0.596625187051
8005,0.46084088196
8007,0.635146033452
8009,0.354404195603
8011,0.395045653869
8013,0.534324779053
8014,0.438460790506
8015,0.486411954854
8017,0.384509206141
8019,0.372543650078
8021,0.549869696894
8023,0.593921658317
8025,0.483405095171
8027,0.40612245666
8029,0.551010587282
8031,0.631221939999
8033,0.213799984888
8035,0.428196174532
8037,0.443930263416
8039,0.337161363257
8041,0.518540512116
8043,0.53312067158
8045,0.527187573333
8047,0.320060386351
8049,0.488659067707
8051,0.507596503039
8053,0.266038769222
8055,0.477132709303
8057,0.344508684026
8059,0.508035089605
8061,0.527218630469
8063,0.452489403391
8065,0.525709543467
8067,0.621354470387
8069,0.498970289951
8071,0.437803080986
8073,0.490250676453
8075,0.442228306629
8077,0.492740762395
8079,0.522957644372
8081,0.531591430857
8083,0.4915349227
8085,0.493653230494
8087,0.501502741212
8089,0.55406686413
8091,0.518343732187
8093,0.403009184248
8095,0.561439835432
8097,0.465654344855
8099,0.544816384366
8101,0.49419012841
8103,0.467461800179
8105,0.572974454749
8107,0.476201175862
8109,0.580558584289
8111,0.728999654179
8113,0.424409191471
8115,0.503659810221
8117,0.44452533373
8119,0.481151204556
8121,0.416584972008
8123,0.422699285022
8125,0.514532578657
9001,0.558156598718
9003,0.551573580557
9005,0.471296107348
9007,0.490723427293
9009,0.540613450357
9011,0.50902978692
9013,0.410344818498
9015,0.47028788487
10001,0.421107291512
10003,0.545100161248
10005,0.46674588903
11001,0.688792757895
12001,0.539433528195
12003,0.418744908215
12005,0.477292737164
12007,0.508751582049
12009,0.474520658115
12011,0.494453641563
12013,0.477581309299
12015,0.472628032556
12017,0.467678966572
12019,0.474071632012
12021,0.473660988813
12023,0.434859556668
12027,0.585045492854
12029,0.458523434517
12031,0.562215446065
12033,0.545557461471
12035,0.380835693906
12037,0.581113260736
12039,0.514999828905
12041,0.517411374152
12043,0.469258950978
12045,0.517407673163
12047,0.466255103958
12049,0.663474482328
12051,0.512603551155
12053,0.438666715624
12055,0.43056038689
12057,0.501445517931
12059,0.586405196132
12061,0.505449890269
12063,0.507528173879
12065,0.588933944466
12067,0.459085733798
12069,0.478496170523
12071,0.529130669326
12073,0.57909885282
12075,0.540448972205
12077,0.446057158086
12079,0.522741234637
12081,0.481183441607
12083,0.42337897715
12085,0.488357340295
12086,0.506515932664
12087,0.473174351617
12089,0.480314716784
12091,0.503778180161
12093,0.549173025184
12095,0.509857945524
12097,0.405917829561
12099,0.498163933315
12101,0.430641044647
12103,0.513609320995
12105,0.498000119123
12107,0.495218085984
12109,0.460656082188
12111,0.458924177671
12113,0.502254234197
12115,0.512382243473
12117,0.493291961731
12119,0.429267566435
12121,0.584331916179
12123,0.483840695384
12125,0.421560056844
12127,0.454183721784
12129,0.439522399504
12131,0.515118300764
12133,0.513016041861
13001,0.571527050926
13003,0.480485962127
13005,0.538499042695
13007,0.332195165656
13009,0.50328021774
13011,0.552681657579
13013,0.532138594833
13015,0.40436364019
13017,0.641468345191
13019,0.431316029331
13021,0.547213385659
13023,0.503326706912
13025,0.47186615379
13027,0.516304469459
13029,0.462780238362
13031,0.476337960654
13033,0.477095524539
13035,0.538298029086
13037,0.588093270328
13039,0.477905824747
13043,0.543293639846
13045,0.522257074257
13047,0.482752303533
13049,0.441795068103
13051,0.571006486507
13053,0.294210820821
13055,0.430609050128
13057,0.487039225072
13059,0.571292336474
13061,0.522539374458
13063,0.529436348158
13065,0.288693651782
13067,0.495514861388
13069,0.492098923139
13071,0.61335005892
13073,0.414623073738
13075,0.600799548096
13077,0.505050998922
13079,0.47308086781
13081,0.547865581553
13083,0.479155185857
13085,0.502762847422
13087,0.493197263278
13089,0.565725284428
13091,0.464616732988
13093,0.393823932377
13095,0.588270640584
13097,0.454976818581
13099,0.482167966946
13101,0.396445970221
13103,0.457347513219
13105,0.557825453178
13107,0.477533734792
13109,0.494523555913
13111,0.584445068337
13113,0.534326142714
13115,0.498903117595
13117,0.46077898433
13119,0.556223370712
13121,0.597467170743
13123,0.592184775408
13125,0.510559119612
13127,0.529872725869
13129,0.528366036506
13131,0.513073046434
13133,0.523716481083
13135,0.540894700346
13137,0.552323133088
13139,0.605348098976
13141,0.529618242694
13143,0.554479821072
13145,0.457929135331
13147,0.57457249932
13149,0.539938687314
13151,0.466948347118
13153,0.497531421981
13155,0.565678567857
13157,0.434376564326
13159,0.556499189642
13161,0.548914261802
13163,0.542594357825
13165,0.584145071165
13167,0.469844336403
13169,0.445080297436
13171,0.613354428905
13173,0.474663710976
13175,0.510027366547
13177,0.481461639469
13179,0.431094016744
13181,0.593369030925
13183,0.444529118571
13185,0.512587897081
13187,0.413379889507
13189,0.560850004111
13191,0.514470193796
13193,0.488118362
13195,0.533292302264
13197,0.466024323527
13199,0.529650616926
13201,0.459613411676
13205,0.48915830687
13207,0.504735675011
13209,0.436174256235
13211,0.5112397621
13213,0.421248351041
13215,0.577664715256
13217,0.464136750268
13219,0.49952669336
13221,0.47733062105
13223,0.364999112342
13225,0.550165014492
13227,0.430735889751
13229,0.472254425938
13231,0.544461280594
13233,0.611738475365
13235,0.500782914653
13237,0.45129227912
13239,0.623874328207
13241,0.632061963238
13243,0.543922064153
13245,0.579420772881
13247,0.519108105365
13249,0.573289473455
13251,0.544752324275
13253,0.49673679898
13255,0.579830590134
13257,0.617590912857
13259,0.56548172212
13261,0.56439646402
13263,0.416370799106
13265,0.314511866653
13267,0.471611173321
13269,0.518411021334
13271,0.376754662917
13273,0.524098973857
13275,0.55960891326
13277,0.608232591041
13279,0.52921990477
13281,0.528542535662
13283,0.46510459011
13285,0.511493758765
13287,0.555191658424
13289,0.445139387265
13291,0.562873157763
13293,0.584805550378
13295,0.580899497907
13297,0.529777306761
13299,0.583947706608
13301,0.542560543704
13303,0.461647481874
13305,0.590669849864
13307,0.523106816179
13309,0.390093538322
13311,0.443935323382
13313,0.508294545821
13315,0.494373389002
13317,0.588989972581
13319,0.380075993987
13321,0.578340847735
15001,0.558862860936
15003,0.595354417375
15005,0
15007,0.519461529116
15009,0.5707696919
16001,0.512522152738
16003,0.414064563659
16005,0.514839161534
16007,0.773187035758
16009,0.448869657725
16011,0.469390202773
16013,0.473799524717
16015,0.395161621453
16017,0.499915502216
16019,0.54488394913
16021,0.48895349975
16023,0.536940990398
16025,0.314081389662
16027,0.463440160492
16029,0.678007539456
16031,0.486204986612
16033,0.453460253226
16035,0.389510354065
16037,0.484860297229
16039,0.438609318028
16041,0.691949617351
16043,0.613055215051
16045,0.568619691875
16047,0.449487351817
16049,0.360750635092
16051,0.630497401251
16053,0.449184838494
16055,0.474505952107
16057,0.526407619503
16059,0.515358516465
16061,0.394502423378
16063,0.44170648866
16065,0.610819262099
16067,0.540785126065
16069,0.409795907946
16071,0.661955038359
16073,0.308395175097
16075,0.501213064156
16077,0.575381260286
16079,0.313961150246
16081,0.575479734772
16083,0.468625395028
16085,0.458205782047
16087,0.460065901897
17001,0.516704705814
17003,0.409979661597
17005,0.445760036691
17007,0.443939701452
17009,0.344319801067
17011,0.491481418217
17013,0.564635694872
17015,0.504292217566
17017,0.659185348905
17019,0.481273115587
17021,0.453441892983
17023,0.511347427684
17025,0.543373222966
17027,0.502696029114
17029,0.493243037087
17031,0.595897585348
17033,0.467872050517
17035,0.428168926117
17037,0.456479580759
17039,0.481693847116
17041,0.588905565424
17043,0.560067254462
17045,0.468963678697
17047,0.525542657034
17049,0.522575720329
17051,0.486956119823
17053,0.558994104868
17055,0.50638997598
17057,0.491626326907
17059,0.450839129038
17061,0.566979820499
17063,0.459160870672
17065,0.509696515843
17067,0.482460905555
17069,0.416858318613
17071,0.453409901862
17073,0.507129774048
17075,0.476287940258
17077,0.481707479485
17079,0.503369451821
17081,0.490213073703
17083,0.496669570107
17085,0.55606086697
17087,0.401654592485
17089,0.494666489531
17091,0.465514965404
17093,0.35461532612
17095,0.463468182427
17097,0.512044671492
17099,0.490970867271
17101,0.467738926563
17103,0.539743330351
17105,0.470002403258
17107,0.460949245599
17109,0.440681586079
17111,0.486633653698
17113,0.496802471059
17115,0.453914250831
17117,0.459829039272
17119,0.483972935947
17121,0.526158377153
17123,0.56005066174
17125,0.457359045359
17127,0.521424823946
17129,0.530531273471
17131,0.473358309469
17133,0.565299244245
17135,0.453584508923
17137,0.4754089504
17139,0.442918708138
17141,0.458535062026
17143,0.519110793082
17145,0.564059230506
17147,0.476036167855
17149,0.485513541822
17151,0.422737501035
17153,0.571016144056
17155,0.484080309549
17157,0.545597682108
17159,0.495351798324
17161,0.508945468981
17163,0.484338725932
17165,0.546483133598
17167,0.565373458804
17169,0.477264441216
17171,0.527767798657
17173,0.462916586096
17175,0.485488277557
17177,0.536516927214
17179,0.391264536997
17181,0.572134211014
17183,0.513544109346
17185,0.507881613388
17187,0.443561625489
17189,0.530917714254
17191,0.507877560904
17193,0.537906702191
17195,0.506902848019
17197,0.421265536447
17199,0.482867066776
17201,0.476877767994
17203,0.444612773796
18001,0.634078537415
18003,0.512644009064
18005,0.441022633459
18007,0.558095668114
18009,0.490088225911
18011,0.456391619876
18013,0.487607085664
18015,0.428438921544
18017,0.490402562908
18019,0.455596072809
18021,0.450820184923
18023,0.480288567198
18025,0.398632124892
18027,0.634716471278
18029,0.517996193613
18031,0.483040631119
18033,0.45552335302
18035,0.48803188252
18037,0.476247445525
18039,0.520835632457
18041,0.498925210228
18043,0.506698545556
18045,0.432822795118
18047,0.495158239814
18049,0.440771005975
18051,0.457481684308
18053,0.474617626362
18055,0.49675341266
18057,0.478149886273
18059,0.446620651528
18061,0.47621544217
18063,0.437046028164
18065,0.504287695015
18067,0.490140600942
18069,0.488549598043
18071,0.512804437931
18073,0.464257728525
18075,0.489475690345
18077,0.489964711046
18079,0.456774307406
18081,0.464920498819
18083,0.466525610254
18085,0.478692509854
18087,0.666014800651
18089,0.511876032761
18091,0.485409041805
18093,0.447758133064
18095,0.488053243389
18097,0.569968136154
18099,0.515852378113
18101,0.520427820406
18103,0.461097518407
18105,0.45820444519
18107,0.518932076793
18109,0.460246123155
18111,0.496116602525
18113,0.495132369705
18115,0.394536571726
18117,0.491528990409
18119,0.508237382049
18121,0.403037218273
18123,0.524277301809
18125,0.456633109139
18127,0.453948648772
18129,0.440423337649
18131,0.49359454618
18133,0.486842466058
18135,0.469829397718
18137,0.497262616904
18139,0.494703708953
18141,0.546427670033
18143,0.511553185089
18145,0.43655869778
18147,0.48980392047
18149,0.460604322481
18151,0.49756780994
18153,0.465029829182
18155,0.412657434804
18157,0.457080329044
18159,0.42328498925
18161,0.395683169135
18163,0.567818822998
18165,0.483664380172
18167,0.463972251215
18169,0.488321529687
18171,0.376000973819
18173,0.471514642676
18175,0.460845097152
18177,0.536961387274
18179,0.453227144314
18181,0.437332779925
18183,0.440311551045
19001,0.482417190195
19003,0.384197764392
19005,0.535987778212
19007,0.477880579084
19009,0.497285161304
19011,0.475352054568
19013,0.477708037442
19015,0.517503433088
19017,0.502909797098
19019,0.558390844462
19021,0.605847599278
19023,0.526418883583
19025,0.584648013297
19027,0.507122070525
19029,0.550908679362
19031,0.51324588587
19033,0.496887801265
19035,0.506907458105
19037,0.526673357841
19039,0.466936822957
19041,0.52492664249
19043,0.527384800486
19045,0.446007450542
19047,0.578218290642
19049,0.50056195922
19051,0.506175801453
19053,0.437603338448
19055,0.523956799259
19057,0.517159737656
19059,0.586438733455
19061,0.51702600723
19063,0.570261529069
19065,0.543065399505
19067,0.492607126077
19069,0.507950607125
19071,0.440829773955
19073,0.501082150467
19075,0.484233892643
19077,0.532727277456
19079,0.507423706315
19081,0.561652737664
19083,0.522268807163
19085,0.555887610692
19087,0.511573638782
19089,0.538281655135
19091,0.491315004912
19093,0.512753362122
19095,0.551457219577
19097,0.499988772626
19099,0.476640791081
19101,0.472400605833
19103,0.459654068967
19105,0.468839484099
19107,0.51514247818
19109,0.561344673513
19111,0.508824788899
19113,0.396417058355
19115,0.550545392975
19117,0.557122332882
19119,0.519290801861
19121,0.480522636824
19123,0.508902107532
19125,0.496621860169
19127,0.503087821973
19129,0.478924696388
19131,0.471190485548
19133,0.520651674378
19135,0.449019324981
19137,0.514245188572
19139,0.5309732721
19141,0.602063737518
19143,0.495847931393
19145,0.508683235072
19147,0.491215052601
19149,0.521848964587
19151,0.482123050063
19153,0.560337692056
19155,0.467148898595
19157,0.473637391607
19159,0.470796948025
19161,0.546710318313
19163,0.475133793711
19165,0.54924183714
19167,0.58551100279
19169,0.501148724272
19171,0.488720786478
19173,0.522051072266
19175,0.500436899585
19177,0.457074280555
19179,0.526608719549
19181,0.498106836359
19183,0.554522452495
19185,0.548507241805
19187,0.476966225311
19189,0.556731884755
19191,0.505212995295
19193,0.555890486321
19195,0.500106230915
19197,0.537263733773
20001,0.458828437398
20003,0.596256273125
20005,0.514798303109
20007,0.532511527401
20009,0.586716912053
20011,0.487353079364
20013,0.456551048626
20015,0.447513453403
20017,0.504768161667
20019,0.490042073064
20021,0.453536874183
20023,0.494709011629
20025,0.398982784778
20027,0.553389057497
20029,0.453167889421
20031,0.551712224687
20033,0.416067643522
20035,0.551458247778
20037,0.469665008555
20039,0.514547139303
20041,0.512984195087
20043,0.441542541571
20045,0.500877233122
20047,0.525386910266
20049,0.417861774268
20051,0.512373129714
20053,0.522201212834
20055,0.453039473622
20057,0.551688464968
20059,0.512003900579
20061,0.489590178269
20063,0.451767346647
20065,0.409036739644
20067,0.642412931924
20069,0.441199169193
20071,0.386821697569
20073,0.451149054965
20075,0.270410063485
20077,0.559749173689
20079,0.479848255748
20081,0.424020704562
20083,0.543115493968
20085,0.538627610589
20087,0.545495581658
20089,0.455379540609
20091,0.48761747679
20093,0.362244084518
20095,0.501132894968
20097,0.524513226243
20099,0.504765541265
20101,0.628642043626
20103,0.447193053234
20105,0.490141242973
20107,0.467333492085
20109,0.516105505146
20111,0.537720995958
20113,0.468722102218
20115,0.529305070817
20117,0.452147813512
20119,0.475361786989
20121,0.516787415708
20123,0.411418678384
20125,0.522170884923
20127,0.473301708593
20129,0.410504706449
20131,0.483112172426
20133,0.531845620097
20135,0.453496483054
20137,0.497963092036
20139,0.497987094371
20141,0.525948271482
20143,0.468754787424
20145,0.508105777765
20147,0.503121151684
20149,0.440464924237
20151,0.495865181568
20153,0.444367128288
20155,0.491395873564
20157,0.497931332695
20159,0.553217351967
20161,0.422915502118
20163,0.576441740636
20165,0.543705739981
20167,0.496189205153
20169,0.508730963536
20171,0.587113512516
20173,0.5229447513
20175,0.52265136943
20177,0.561597162186
20179,0.445728844671
20181,0.496730028435
20183,0.472308320571
20185,0.541131867316
20187,0.526163123422
20189,0.527974250661
20191,0.468897414349
20193,0.499031256835
20195,0.507011376754
20197,0.410131996968
20199,0.565069346816
20201,0.593526991806
20203,0.490006178296
20205,0.522779755289
20207,0.496683502436
20209,0.549494019356
21001,0.47390388909
21003,0.452812311462
21005,0.572578203578
21007,0.579642005211
21009,0.461726983854
21011,0.462260306653
21013,0.523626861832
21015,0.41823755567
21017,0.529267373654
21019,0.572444644023
21021,0.587263649677
21023,0.506626731148
21025,0.372931263929
21027,0.510019246694
21029,0.420391596753
21031,0.657538699034
21033,0.605885147185
21035,0.496914638488
21037,0.520276735452
21039,0.467745640998
21041,0.56015109705
21043,0.492491037129
21045,0.454647534789
21047,0.54582286792
21049,0.553855123844
21051,0.428202144818
21053,0.446357661999
21055,0.613823685374
21057,0.462422175945
21059,0.527989903139
21061,0.394110822324
21063,0.313278633485
21065,0.56577600665
21067,0.578895397192
21069,0.441259541392
21071,0.46978149901
21073,0.632814423498
21075,0.567205189565
21077,0.567701206172
21079,0.543959955019
21081,0.541355291773
21083,0.600429342603
21085,0.503063161056
21087,0.651887382752
21089,0.456695393056
21091,0.589685793203
21093,0.452554859716
21095,0.532610510131
21097,0.532140999837
21099,0.536389020739
21101,0.519986494438
21103,0.576943899182
21105,0.61970512767
21107,0.534865752885
21109,0.517504623238
21111,0.578224234898
21113,0.512614824443
21115,0.372873405587
21117,0.509193410863
21119,0.403944178456
21121,0.498398387533
21123,0.556385285493
21125,0.49985447811
21127,0.464611943086
21129,0.41962032314
21131,0.478752712531
21133,0.444325576537
21135,0.435077518069
21137,0.557974266775
21139,0.491924871911
21141,0.540899278331
21143,0.586214380946
21145,0.579143034973
21147,0.442589727704
21149,0.589326326103
21151,0.459596295344
21153,0.436124427538
21155,0.535145732992
21157,0.530259607207
21159,0.396111029663
21161,0.578271896467
21163,0.53526209824
21165,0.317505095842
21167,0.636020295987
21169,0.568871573247
21171,0.468018182279
21173,0.478028263739
21175,0.357437862543
21177,0.594514450352
21179,0.555826408462
21181,0.517015516767
21183,0.46153792981
21185,0.501423050235
21187,0.590792654706
21189,0.470721029171
21191,0.566215244734
21193,0.492730053276
21195,0.428732097924
21197,0.509605729005
21199,0.530619446656
21201,0.28787683679
21203,0.549984849185
21205,0.463250627014
21207,0.479389547071
21209,0.468376243796
21211,0.54935763447
21213,0.512648574266
21215,0.428515960494
21217,0.587854137784
21219,0.602180030326
21221,0.576055954008
21223,0.517166739055
21225,0.492758658834
21227,0.505294630426
21229,0.604752200788
21231,0.514926305567
21233,0.550585382623
21235,0.565214154285
21237,0.192763493902
21239,0.572105083789
22001,0.541375341169
22003,0.50297020638
22005,0.541260197197
22007,0.555078629923
22009,0.614837294808
22011,0.565374681257
22013,0.569009902431
22015,0.466863091858
22017,0.556344581247
22019,0.49189546932
22021,0.503376453767
22023,0.618881980003
22025,0.64269107313
22027,0.433600979868
22029,0.476672056362
22031,0.526318787387
22033,0.597416237911
22035,0.55539425336
22037,0.452215944467
22039,0.598182105116
22041,0.636456608495
22043,0.443253479137
22045,0.539820721641
22047,0.562355042141
22049,0.530253741024
22051,0.591234670041
22053,0.501245399293
22055,0.582492372648
22057,0.49474637393
22059,0.435763207131
22061,0.535447324716
22063,0.451153165585
22065,0.445031804678
22067,0.477331818634
22069,0.530320514804
22071,0.644430473669
22073,0.522471687031
22075,0.487908582805
22077,0.51541152594
22079,0.541792077769
22081,0.454654796881
22083,0.546476848723
22085,0.607423209642
22087,0.516591494147
22089,0.465444880621
22091,0.406041875755
22093,0.507860669238
22095,0.488011372624
22097,0.478936693909
22099,0.423004655845
22101,0.588183010373
22103,0.500612971205
22105,0.503171184601
22107,0.430882159676
22109,0.452253631344
22111,0.491101887205
22113,0.481737892432
22115,0.525160496753
22117,0.514486384831
22119,0.489915714763
22121,0.497161526365
22123,0.493164725781
22125,0.368407648619
22127,0.547920246735
23001,0.504093071785
23003,0.443227307053
23005,0.511415062815
23007,0.448477823573
23009,0.465560464994
23011,0.511000947952
23013,0.532306954937
23015,0.488460652499
23017,0.41900093242
23019,0.437290344484
23021,0.373326788385
23023,0.482890665855
23025,0.349214057499
23027,0.442769645504
23029,0.458978702782
23031,0.485841628882
24001,0.513559906065
24003,0.510952843544
24005,0.529867849049
24009,0.532017804781
24011,0.463345262461
24013,0.494123872351
24015,0.476932941024
24017,0.510030551353
24019,0.470271072376
24021,0.523246531053
24023,0.507419186157
24025,0.446090212051
24027,0.502523603778
24029,0.550262683155
24031,0.562416665015
24033,0.552891724028
24035,0.486784841531
24037,0.468519555677
24039,0.385838705225
24041,0.528511236393
24043,0.536483066876
24045,0.497875934608
24047,0.499497711836
24510,0.687505523485
25001,0.533977871066
25003,0.547299740597
25005,0.543780283904
25007,0.521065877847
25009,0.552818284138
25011,0.506827556158
25013,0.515073358609
25015,0.507519337543
25017,0.571805639652
25019,0.678902148298
25021,0.530609763524
25023,0.450029512274
25025,0.652874214691
25027,0.507546793767
26001,0.413779370819
26003,0.42595275095
26005,0.39366047065
26007,0.481476275908
26009,0.427638384187
26011,0.482043529451
26013,0.358513979498
26015,0.424882533274
26017,0.505250587645
26019,0.399999472447
26021,0.496571974719
26023,0.430689346993
26025,0.477995488737
26027,0.359495280719
26029,0.455917032035
26031,0.497003479174
26033,0.459254491196
26035,0.4889597557
26037,0.379394375409
26039,0.446189207735
26041,0.455908757426
26043,0.507397204753
26045,0.483051549451
26047,0.533113821665
26049,0.477161731545
26051,0.428843913612
26053,0.538789965662
26055,0.536062747842
26057,0.45198783007
26059,0.40355476158
26061,0.537192716383
26063,0.49059505633
26065,0.536702549348
26067,0.459863241284
26069,0.431677771761
26071,0.485953255159
26073,0.464687602766
26075,0.425043502038
26077,0.504414673535
26079,0.448314765801
26081,0.549425066008
26083,0.417354958455
26085,0.367021457409
26087,0.425398186226
26089,0.486524376775
26091,0.476502998066
26093,0.450820556678
26095,0.403501794753
26097,0.459098157897
26099,0.448962954868
26101,0.499079454715
26103,0.50441356752
26105,0.481097570394
26107,0.420499824617
26109,0.494273631106
26111,0.485471809737
26113,0.479288819922
26115,0.435201805105
26117,0.423703554173
26119,0.391861698623
26121,0.417973443723
26123,0.434392891516
26125,0.515368977529
26127,0.466470991637
26129,0.416574398909
26131,0.455380410929
26133,0.468152840853
26135,0.401339497073
26137,0.449484733708
26139,0.503354183083
26141,0.526447888882
26143,0.479499406767
26145,0.459304292467
26147,0.384571481394
26149,0.489107783422
26151,0.442933951679
26153,0.522252136188
26155,0.483421816621
26157,0.427922423785
26159,0.484988816117
26161,0.493970023012
26163,0.532608765947
26165,0.466086949935
27001,0.499122675177
27003,0.459272397257
27005,0.564000252226
27007,0.47061144977
27009,0.446202429865
27011,0.5480039494
27013,0.515879433092
27015,0.537917812435
27017,0.482758988368
27019,0.376022747012
27021,0.490081482906
27023,0.595116021264
27025,0.478818791552
27027,0.502384950419
27029,0.426072419776
27031,0.433718219663
27033,0.559646402259
27035,0.536032905235
27037,0.501259429578
27039,0.520719416865
27041,0.546413493546
27043,0.592087356775
27045,0.574107285495
27047,0.542491011066
27049,0.528874201031
27051,0.530616713723
27053,0.592844891419
27055,0.513442302334
27057,0.453029521337
27059,0.436978242606
27061,0.500333506571
27063,0.530231953079
27065,0.50002217422
27067,0.575066335915
27069,0.592905494052
27071,0.411015908702
27073,0.594094766825
27075,0.504617153688
27077,0.48414725527
27079,0.549151069716
27081,0.534022462843
27083,0.511994391867
27085,0.567543286425
27087,0.550286264765
27089,0.560422644136
27091,0.56785130605
27093,0.514530011341
27095,0.530014592837
27097,0.574450213998
27099,0.521666746101
27101,0.540908055669
27103,0.448292529715
27105,0.624793036761
27107,0.518560250843
27109,0.547467794709
27111,0.550532729924
27113,0.549619859792
27115,0.487705019869
27117,0.56340277742
27119,0.465367434009
27121,0.546125677102
27123,0.624549064059
27125,0.602940401758
27127,0.540210495185
27129,0.516801687494
27131,0.508449270216
27133,0.555037294055
27135,0.575235849403
27137,0.497222513048
27139,0.392772351537
27141,0.435772380673
27143,0.557490138312
27145,0.480434346316
27147,0.485766905786
27149,0.526755515688
27151,0.51396482194
27153,0.491454471957
27155,0.475475046873
27157,0.5350470603
27159,0.527031355512
27161,0.549826010171
27163,0.513733513869
27165,0.621778302859
27167,0.466445600673
27169,0.465622306977
27171,0.476596918656
27173,0.599853221518
28001,0.49468353594
28003,0.471164936984
28005,0.548375159287
28007,0.529822927351
28009,0.550302172523
28011,0.510562410692
28013,0.640249752075
28015,0.533350528037
28017,0.636788753771
28019,0.503628713365
28021,0.480111455552
28023,0.51295658871
28025,0.535597111006
28027,0.617869927786
28029,0.537751364727
28031,0.502768545566
28033,0.455776318367
28035,0.540819357749
28037,0.545162587606
28039,0.601412714106
28041,0.468812893302
28043,0.556493263659
28045,0.465302011661
28047,0.557775901108
28049,0.600856988417
28051,0.572649601076
28053,0.516565368109
28055,0.253090049285
28057,0.486557327267
28059,0.50651280166
28061,0.463686515895
28063,0.465881339373
28065,0.451303499411
28067,0.529284108471
28069,0.460179566404
28071,0.437157740392
28073,0.496797079236
28075,0.47298900863
28077,0.5797089565
28079,0.55920332424
28081,0.512214892865
28083,0.540790287396
28085,0.557101890676
28087,0.504186057698
28089,0.457164158263
28091,0.557039254138
28093,0.528019300674
28095,0.496608972432
28097,0.598189824219
28099,0.62004134409
28101,0.5391692485
28103,0.517382774918
28105,0.504720225668
28107,0.51773957838
28109,0.541846679272
28111,0.531853341017
28113,0.502626974664
28115,0.542568885719
28117,0.504044684602
28119,0.645177489599
28121,0.487863021754
28123,0.656265314162
28125,0.613433808994
28127,0.581682555706
28129,0.451217841262
28131,0.474472959653
28133,0.52270935282
28135,0.565423810756
28137,0.501876894613
28139,0.542164999905
28141,0.439072775858
28143,0.417354655186
28145,0.647172552393
28147,0.449988735995
28149,0.551693500112
28151,0.612921833495
28153,0.511387481669
28155,0.59301636575
28157,0.456102682357
28159,0.616181229662
28161,0.628631721835
28163,0.534652496721
29001,0.461011183925
29003,0.444498636758
29005,0.559493589406
29007,0.535484470064
29009,0.498042206992
29011,0.522280036747
29013,0.544724965619
29015,0.435694780034
29017,0.442093646071
29019,0.539735614325
29021,0.523751088438
29023,0.473902775555
29025,0.541452758331
29027,0.452618117753
29029,0.470527195357
29031,0.557311330575
29033,0.573728017975
29035,0.48565904092
29037,0.409876378384
29039,0.529604799111
29041,0.530064508004
29043,0.537595468398
29045,0.48702492698
29047,0.401235410279
29049,0.514571183108
29051,0.626206747946
29053,0.580956875585
29055,0.562331880793
29057,0.516372476528
29059,0.480104619752
29061,0.611926696567
29063,0.40617473312
29065,0.51012011578
29067,0.339672406338
29069,0.562943622254
29071,0.545104654322
29073,0.531220297316
29075,0.587002349752
29077,0.523251826552
29079,0.630140661205
29081,0.530528609597
29083,0.558805067296
29085,0.432140040179
29087,0.547860285986
29089,0.55811688176
29091,0.458271419439
29093,0.510525933278
29095,0.547683182606
29097,0.490163284105
29099,0.452296739266
29101,0.439181339702
29103,0.496351283745
29105,0.499619546234
29107,0.555627516077
29109,0.558781374896
29111,0.529947957902
29113,0.487024526259
29115,0.565188086377
29117,0.513174074096
29119,0.477575110895
29121,0.52936555231
29123,0.504070422058
29125,0.526494314327
29127,0.546028538027
29129,0.538801410955
29131,0.549296021481
29133,0.598124357521
29135,0.608231886972
29137,0.593462550033
29139,0.510545161227
29141,0.54809298254
29143,0.478811729787
29145,0.516308000689
29147,0.475325567297
29149,0.462514272694
29151,0.61255209997
29153,0.389113691306
29155,0.512618634611
29157,0.553997602992
29159,0.522477929686
29161,0.509237892117
29163,0.527940284443
29165,0.392806499403
29167,0.438485729576
29169,0.413693623487
29171,0.455614140995
29173,0.457736256459
29175,0.487338534358
29177,0.500882024923
29179,0.561278708289
29181,0.500142776393
29183,0.407101422928
29185,0.5391114725
29186,0.492715265023
29187,0.560063140688
29189,0.529597883088
29195,0.520214624469
29197,0.548120379156
29199,0.427465133684
29201,0.555522602989
29203,0.505565865347
29205,0.564097708744
29207,0.456637365639
29209,0.490286916063
29211,0.553869930796
29213,0.480264916289
29215,0.502687464446
29217,0.502043908869
29219,0.542782216441
29221,0.510721844663
29223,0.396641503619
29225,0.539273725252
29227,0.530576059922
29229,0.520074421943
29510,0.696757052902
30001,0.4313977516
30003,0.509877345656
30005,0.432826936989
30007,0.373430529364
30009,0.414985670266
30011,0.299437199399
30013,0.468713694625
30015,0.490315314077
30017,0.45811594117
30019,0.482504994805
30021,0.449626559298
30023,0.541924974448
30025,0.366696632462
30027,0.442289008273
30029,0.461841350847
30031,0.540108148191
30033,0.318331939238
30035,0.508110634089
30037,0.514549665934
30039,0.220368013229
30041,0.448649004597
30043,0.325498018427
30045,0.314666402117
30047,0.461957246406
30049,0.557063712008
30051,0.338022492484
30053,0.373511363525
30055,0.306043249748
30057,0.434757191259
30059,0.174885060013
30061,0.247425797063
30063,0.482454466204
30065,0.467622467029
30067,0.502592334537
30069,0.202409977227
30071,0.504805425532
30073,0.466681609615
30075,0.254536069004
30077,0.415381382673
30079,0.28107301545
30081,0.438559485992
30083,0.499093212296
30085,0.498611148537
30087,0.487829929076
30089,0.387201600182
30091,0.529099381823
30093,0.472945368788
30095,0.4715912613
30097,0.391305391135
30099,0.625915572548
30101,0.407403649619
30103,0.387764240921
30105,0.387593369326
30107,0.400207144957
30109,0.556219043922
30111,0.479590387241
31001,0.509202943199
31003,0.470743965797
31005,0.420029161563
31007,0.396717536028
31009,0.467387940942
31011,0.451353469294
31013,0.395190376998
31015,0.454292669202
31017,0.384708173281
31019,0.491115112873
31021,0.495529570947
31023,0.507819973146
31025,0.46654876399
31027,0.534992508156
31029,0.415850624796
31031,0.468000656983
31033,0.530317300051
31035,0.45717749371
31037,0.583089576831
31039,0.59820927234
31041,0.485400351367
31043,0.559890703919
31045,0.50781731363
31047,0.599637487826
31049,0.529460536741
31051,0.552687670479
31053,0.50519844997
31055,0.57448693129
31057,0.464012574282
31059,0.534235320354
31061,0.489618282214
31063,0.442690585267
31065,0.50622143962
31067,0.56545121557
31069,0.480492074955
31071,0.583520856057
31073,0.49984508477
31075,0.430372942234
31077,0.481135912103
31079,0.544528612745
31081,0.569534118126
31083,0.42466573726
31085,0.309484079876
31087,0.44560885833
31089,0.459265203405
31091,0.429667438953
31093,0.463487862817
31095,0.504800869189
31097,0.583574250185
31099,0.519127091037
31101,0.438415753302
31103,0.373000562426
31105,0.501262220389
31107,0.48706878947
31109,0.540663769814
31111,0.480604043843
31113,0.351146396886
31115,0.269220677424
31117,0.427530256731
31119,0.612684417692
31121,0.486056087412
31123,0.408423126859
31125,0.440489829729
31127,0.618690548428
31129,0.43062708195
31131,0.573881956629
31133,0.523632772375
31135,0.52804964036
31137,0.505844056877
31139,0.540395429397
31141,0.518707434679
31143,0.462296353229
31145,0.538317371655
31147,0.474932067933
31149,0.380391841368
31151,0.493459155531
31153,0.422847898896
31155,0.486332810355
31157,0.52427465945
31159,0.502798859129
31161,0.419384812548
31163,0.479862267545
31165,0.34298342952
31167,0.415206747492
31169,0.555463025907
31171,0.357422642344
31173,0.537432456581
31175,0.552279335629
31177,0.481048287621
31179,0.368015833525
31181,0.454763478644
31183,0.224349956274
31185,0.514041561852
32001,0.335826663616
32003,0.435814003514
32005,0.409241518985
32007,0.444676552063
32009,0.134109988127
32011,0.352142423613
32013,0.541916998081
32015,0.522848802189
32017,0.287949527703
32019,0.366306249631
32021,0.158128033646
32023,0.452527881352
32027,0.522541035332
32029,0.283974235892
32031,0.446566554974
32033,0.548270791202
32510,0.462329057971
33001,0.477072755701
33003,0.430704743962
33005,0.435309650123
33007,0.46822616679
33009,0.464031695582
33011,0.492192784087
33013,0.510915306185
33015,0.450120908731
33017,0.462900628634
33019,0.408844052185
34001,0.483779169929
34003,0.561959075383
34005,0.448197107727
34007,0.542147948931
34009,0.491823925517
34011,0.519978053782
34013,0.594898127753
34015,0.419035106112
34017,0.512021080332
34019,0.462824193947
34021,0.608687186056
34023,0.540392796296
34025,0.531373474289
34027,0.538430630499
34029,0.489244313336
34031,0.529834407738
34033,0.44172120181
34035,0.51778214381
34037,0.450853835595
34039,0.58950804705
34041,0.527920402072
35001,0.565000957514
35003,0.432010725586
35005,0.52562159094
35006,0.482266473061
35007,0.534512895146
35009,0.499716718335
35011,0.531491244276
35013,0.494034479765
35015,0.533242073442
35017,0.525098086263
35019,0.464067502031
35021,0.490603894174
35023,0.566907376725
35025,0.496165214375
35027,0.546864969078
35028,0.550600273075
35029,0.440083308697
35031,0.423799800077
35033,0.543399977222
35035,0.448971914097
35037,0.569124197766
35039,0.565142069148
35041,0.435803870892
35043,0.420980893994
35045,0.440965124648
35047,0.434835527082
35049,0.595484523548
35051,0.225821306166
35053,0.381780531299
35055,0.54840465592
35057,0.322497342897
35059,0.586263935767
35061,0.468172070254
36001,0.558979426
36003,0.444523006823
36005,0.480025748617
36007,0.510867501786
36009,0.470938446957
36011,0.447320457805
36013,0.496350933565
36015,0.444701785853
36017,0.476029074369
36019,0.440911638553
36021,0.461438736614
36023,0.426272410202
36025,0.531225906547
36027,0.504260271911
36029,0.541723234354
36031,0.459551113819
36033,0.509687475316
36035,0.399397030726
36037,0.421606914823
36039,0.421439015947
36041,0.376267904254
36043,0.436640712015
36045,0.500769874685
36047,0.541932943091
36049,0.437694991825
36051,0.411379991171
36053,0.44512895002
36055,0.516082639856
36057,0.538530915004
36059,0.559043240168
36061,0.557189566167
36063,0.464668391098
36065,0.475577850147
36067,0.539300069695
36069,0.4964765241
36071,0.527102980737
36073,0.473923773
36075,0.43245921465
36077,0.50215405239
36079,0.501999843378
36081,0.53443150494
36083,0.468078446171
36085,0.564964280212
36087,0.581850200305
36089,0.455771405135
36091,0.476755121731
36093,0.504489299169
36095,0.431333680537
36097,0.466044382245
36099,0.373719411205
36101,0.452268144116
36103,0.54644009411
36105,0.519790233185
36107,0.445755054516
36109,0.511177853387
36111,0.484823376888
36113,0.495117239528
36115,0.488297905244
36117,0.466804960136
36119,0.565209960674
36121,0.494855239032
36123,0.441313938562
37001,0.52397047501
37003,0.586094174702
37005,0.618830000235
37007,0.522418397025
37009,0.603435015059
37011,0.564686976306
37013,0.50197025115
37015,0.543979508086
37017,0.580221626755
37019,0.483207762473
37021,0.586685669583
37023,0.552091155488
37025,0.512158069261
37027,0.479114922494
37029,0.429593153903
37031,0.541386432484
37033,0.480428983403
37035,0.503239073405
37037,0.548733218223
37039,0.474485824996
37041,0.63009235149
37043,0.65275858372
37045,0.516425648026
37047,0.551306064904
37049,0.534304712365
37051,0.469741115314
37053,0.499384393966
37055,0.510822168133
37057,0.405304917662
37059,0.497749260568
37061,0.507921380152
37063,0.610861783821
37065,0.510960792515
37067,0.542077726635
37069,0.454054885487
37071,0.550829727665
37073,0.48478126785
37075,0.397273840244
37077,0.477336565576
37079,0.464379205551
37081,0.543612212335
37083,0.489915566971
37085,0.456052009064
37087,0.560947463774
37089,0.563738496259
37091,0.576457210125
37093,0.395195407077
37095,0.525055434511
37097,0.460848327964
37099,0.54868809779
37101,0.476666794759
37103,0.532069545048
37105,0.575833088156
37107,0.547931611607
37109,0.567887276152
37111,0.55406178971
37113,0.628287113421
37115,0.569154728237
37117,0.556401215533
37119,0.574109616249
37121,0.603337490291
37123,0.527187038096
37125,0.527425118878
37127,0.48020943072
37129,0.507400636358
37131,0.482031728137
37133,0.504303280248
37135,0.560499728078
37137,0.536171224526
37139,0.515819437701
37141,0.49377783627
37143,0.468508379997
37145,0.491562060038
37147,0.476832425255
37149,0.60492910515
37151,0.466536487197
37153,0.503180011294
37155,0.519625178641
37157,0.522011966395
37159,0.43676104566
37161,0.573593182644
37163,0.576192800419
37165,0.444908197337
37167,0.590675330507
37169,0.452410364027
37171,0.546166970158
37173,0.373472660092
37175,0.567543484048
37177,0.558010078565
37179,0.464121528501
37181,0.572273794893
37183,0.556756814926
37185,0.479079962806
37187,0.577915740506
37189,0.567650087917
37191,0.467652806068
37193,0.560980221758
37195,0.490892628163
37197,0.560882414182
37199,0.567116039603
38001,0.557947697194
38003,0.458006891671
38005,0.480320353014
38007,0.165996166244
38009,0.469193114857
38011,0.478274645418
38013,0.609653141733
38015,0.580530212853
38017,0.505839120757
38019,0.415660095102
38021,0.515371880894
38023,0.349965786879
38025,0.61711027768
38027,0.477712748718
38029,0.535536134025
38031,0.528486244086
38033,0.438617867633
38035,0.396781021465
38037,0.486116406468
38039,0.44066279354
38041,0.546162263133
38043,0.486436568018
38045,0.585737003966
38047,0.492238416342
38049,0.473921060644
38051,0.574754657676
38053,0.363898484449
38055,0.513022630879
38057,0.544600604312
38059,0.515687473369
38061,0.449201600059
38063,0.479240510594
38065,0.384677815117
38067,0.573954287184
38069,0.505459345876
38071,0.469506427013
38073,0.703417623521
38075,0.50910317642
38077,0.553660719683
38079,0.545953857864
38081,0.554522119534
38083,0.525299095494
38085,0.595135993142
38087,0.337531852669
38089,0.49669376524
38091,0.423334030711
38093,0.54224007409
38095,0.389557112872
38097,0.50631069925
38099,0.5367152778
38101,0.437380749789
38103,0.547031769059
38105,0.471276853497
39001,0.476911138272
39003,0.476144883281
39005,0.422094089108
39007,0.427951351944
39009,0.427764278761
39011,0.450685429585
39013,0.40225197523
39015,0.410385323436
39017,0.438586119221
39019,0.433416305345
39021,0.43641394272
39023,0.456447746047
39025,0.468451867402
39027,0.465245026904
39029,0.446622813419
39031,0.450524017328
39033,0.490121586661
39035,0.563885228226
39037,0.415579395696
39039,0.50495782594
39041,0.411157697844
39043,0.498671992892
39045,0.454061212136
39047,0.460030723694
39049,0.534577151614
39051,0.45461790264
39053,0.449810621473
39055,0.461890153641
39057,0.433848540419
39059,0.452748574524
39061,0.576079319124
39063,0.476869101208
39065,0.473611983196
39067,0.408313550189
39069,0.532433166817
39071,0.41977018551
39073,0.484083241793
39075,0.670643830673
39077,0.442230897263
39079,0.479381931443
39081,0.499437782656
39083,0.486912628781
39085,0.483621718086
39087,0.368719607096
39089,0.44216172051
39091,0.403105353278
39093,0.453374961411
39095,0.520629204196
39097,0.492797360317
39099,0.490464130194
39101,0.411506311792
39103,0.450350922448
39105,0.469540731478
39107,0.548894003876
39109,0.4579040575
39111,0.48905033101
39113,0.511571941943
39115,0.441229474123
39117,0.400957887169
39119,0.464841320756
39121,0.364975129076
39123,0.465872591665
39125,0.492862995005
39127,0.4213067885
39129,0.375484918356
39131,0.434469781921
39133,0.373375078779
39135,0.430959958853
39137,0.523666314441
39139,0.443427463282
39141,0.358521257454
39143,0.468908728045
39145,0.384498750111
39147,0.519527034647
39149,0.485824022991
39151,0.478422330316
39153,0.496676032343
39155,0.426640598029
39157,0.465150675296
39159,0.404817081293
39161,0.492489831954
39163,0.315154779892
39165,0.407615182942
39167,0.48602920588
39169,0.519005940227
39171,0.447691094808
39173,0.49237168861
39175,0.551938075531
40001,0.547887406974
40003,0.571555295912
40005,0.56394624535
40007,0.415230325421
40009,0.503761653527
40011,0.4337275872
40013,0.556603913857
40015,0.559403905167
40017,0.450773461264
40019,0.552980882244
40021,0.511037420607
40023,0.600321216893
40025,0.473866745293
40027,0.483980464891
40029,0.493407166797
40031,0.498431068355
40033,0.582601549313
40035,0.590539908347
40037,0.467517996352
40039,0.555022692866
40041,0.53381641162
40043,0.44641070631
40045,0.512639729822
40047,0.52657837567
40049,0.537095269478
40051,0.456834259227
40053,0.61590654496
40055,0.436367479307
40057,0.671748478053
40059,0.556148656046
40061,0.495827957444
40063,0.530678804611
40065,0.514366350886
40067,0.58631732644
40069,0.467287306858
40071,0.527296004572
40073,0.587641799003
40075,0.512040037413
40077,0.540047799338
40079,0.436559172212
40081,0.511310272086
40083,0.441284658411
40085,0.577742044913
40087,0.533970848075
40089,0.520847586815
40091,0.491909765574
40093,0.494196060093
40095,0.584298504981
40097,0.481883188676
40099,0.470534860467
40101,0.603023698382
40103,0.557617246807
40105,0.409748257558
40107,0.516107575144
40109,0.615134568506
40111,0.505915939048
40113,0.434171210258
40115,0.577351164993
40117,0.554072631846
40119,0.496496890625
40121,0.523100193013
40123,0.527384320777
40125,0.478126883072
40127,0.60058904394
40129,0.454115684656
40131,0.423388671212
40133,0.534874986545
40135,0.442948910728
40137,0.50066628848
40139,0.565515939997
40141,0.632074737695
40143,0.579134262576
40145,0.394843919943
40147,0.58871118201
40149,0.534418455594
40151,0.525369600265
40153,0.51037581436
41001,0.442625084404
41003,0.508267020653
41005,0.453447693782
41007,0.509305573344
41009,0.485568495148
41011,0.460668024747
41013,0.42770087793
41015,0.466025736724
41017,0.458736334993
41019,0.457341375722
41021,0.283190546307
41023,0.467839606979
41025,0.397817555215
41027,0.498084000589
41029,0.456450275731
41031,0.4686870219
41033,0.447426363306
41035,0.464028511948
41037,0.354305080698
41039,0.465542341662
41041,0.489404885041
41043,0.43164406675
41045,0.495277062141
41047,0.588438009693
41049,0.542967253916
41051,0.585197001371
41053,0.413096746668
41055,0.283154953129
41057,0.440350840155
41059,0.480745264405
41061,0.503781898781
41063,0.470759112645
41065,0.465239023322
41067,0.479073964139
41069,0.414661478513
41071,0.497593076928
42001,0.489174910988
42003,0.596661263527
42005,0.509265441991
42007,0.485890781575
42009,0.461032934903
42011,0.494258144776
42013,0.529056026351
42015,0.503119708964
42017,0.543012694632
42019,0.49287408476
42021,0.560404322432
42023,0.512919889065
42025,0.467601046994
42027,0.468886246543
42029,0.523516518496
42031,0.530101795028
42033,0.519366633196
42035,0.433959249492
42037,0.424387761344
42039,0.528491588375
42041,0.509871657437
42043,0.592571392966
42045,0.53260677682
42047,0.510329533341
42049,0.538006827077
42051,0.456732370845
42053,0.369813989056
42055,0.473424424098
42057,0.494708823642
42059,0.469664508225
42061,0.484632604728
42063,0.485883267824
42065,0.467044664551
42067,0.571467006904
42069,0.563823098715
42071,0.515147778177
42073,0.506619699836
42075,0.503664231659
42077,0.533289944324
42079,0.509975605918
42081,0.507482632319
42083,0.48101941974
42085,0.497664957159
42087,0.58408576999
42089,0.52445509408
42091,0.559807859336
42093,0.48181758175
42095,0.486639546193
42097,0.521832532627
42099,0.507253820102
42101,0.614930495931
42103,0.422575992085
42105,0.421046433489
42107,0.568243304659
42109,0.529966790713
42111,0.517226952215
42113,0.376335673222
42115,0.466766868451
42117,0.450031834315
42119,0.422856862043
42121,0.495247266381
42123,0.506183569524
42125,0.492926561426
42127,0.462217766875
42129,0.514164016794
42131,0.475013743049
42133,0.465779277412
44001,0.536281689983
44003,0.508508701014
44005,0.525086979843
44007,0.585535020819
44009,0.509604348821
45001,0.507510279674
45003,0.487859546725
45005,0.403774714184
45007,0.446413621077
45009,0.486617313545
45011,0.587998726563
45013,0.513471641584
45015,0.416409991676
45017,0.421551616856
45019,0.559955291485
45021,0.539164237242
45023,0.531879530081
45025,0.53550181414
45027,0.490265488479
45029,0.526846744845
45031,0.548108009943
45033,0.536937006252
45035,0.464044805503
45037,0.563801942816
45039,0.489886015033
45041,0.543138848001
45043,0.537329749584
45045,0.543563172971
45047,0.507743073418
45049,0.527265722904
45051,0.477423558224
45053,0.465626943029
45055,0.492501956936
45057,0.506955788665
45059,0.510547028222
45061,0.473700063357
45063,0.475967959023
45065,0.441076765574
45067,0.574745561147
45069,0.520547820783
45071,0.571070962695
45073,0.516743680333
45075,0.492983031819
45077,0.461167140893
45079,0.563440795392
45081,0.545885938972
45083,0.495708375446
45085,0.542818301855
45087,0.558799876572
45089,0.487072810588
45091,0.486043515943
46003,0.576913166171
46005,0.564834703569
46007,0.471114663804
46009,0.571516841813
46011,0.539075850593
46013,0.474337703389
46015,0.531906458989
46017,0.504627523495
46019,0.429177573816
46021,0.476959256348
46023,0.551980527687
46025,0.455886269797
46027,0.526805836851
46029,0.552208813888
46031,0.393947647888
46033,0.466874648771
46035,0.503862649066
46037,0.5093973953
46039,0.563854198168
46041,0.579751943986
46043,0.508461222705
46045,0.46801635728
46047,0.500614452283
46049,0.400316605992
46051,0.601031445161
46053,0.445760391738
46055,0.41792894607
46057,0.408434700058
46059,0.434824653609
46061,0.449868623784
46063,0.41426840727
46065,0.646894726596
46067,0.545998921723
46069,0.571293616105
46071,0.307737227617
46073,0.45291303028
46075,0.256928224521
46077,0.565268874237
46079,0.525360599132
46081,0.553572748432
46083,0.412181549824
46085,0.381346748266
46087,0.536549406992
46089,0.422887093742
46091,0.552886620024
46093,0.388503649397
46095,0.526468037429
46097,0.564902203087
46099,0.534163127097
46101,0.441641306526
46103,0.49770122925
46105,0.554949867524
46107,0.488205335376
46109,0.525364481917
46111,0.484796489887
46113,0.444834319128
46115,0.495531010259
46117,0.540278653389
46119,0.49511929655
46121,0.384287169844
46123,0.48491241956
46125,0.536191993676
46127,0.474618753811
46129,0.534542346821
46135,0.522748815287
46137,0.666201583496
47001,0.55168198805
47003,0.514234670376
47005,0.532218052081
47007,0.416460121887
47009,0.53928221482
47011,0.463234675563
47013,0.452966683447
47015,0.447871493521
47017,0.489551265998
47019,0.505434836824
47021,0.505240304689
47023,0.566028416671
47025,0.483915922897
47027,0.379930978132
47029,0.507598255807
47031,0.517456248935
47033,0.548411501922
47035,0.4483770637
47037,0.607034562628
47039,0.497397224282
47041,0.522843234894
47043,0.509357496814
47045,0.456380581882
47047,0.428768782141
47049,0.4166352277
47051,0.531609780893
47053,0.520644804094
47055,0.472777487317
47057,0.506430447277
47059,0.480664397796
47061,0.462089642526
47063,0.564494236162
47065,0.588171421664
47067,0.578247977008
47069,0.534306185806
47071,0.49669874835
47073,0.441307999758
47075,0.519151910745
47077,0.481893612119
47079,0.551061810397
47081,0.55192056677
47083,0.485300085297
47085,0.53226381282
47087,0.454512315285
47089,0.530852545283
47091,0.565575670374
47093,0.555806779936
47095,0.513822926924
47097,0.443670515481
47099,0.538134653009
47101,0.492700052521
47103,0.529082454124
47105,0.588737070119
47107,0.50912174141
47109,0.514350922281
47111,0.453218297684
47113,0.501579340791
47115,0.472483060363
47117,0.48603139794
47119,0.542325598307
47121,0.559059947834
47123,0.539752653666
47125,0.404291790162
47127,0.372628713109
47129,0.502898219193
47131,0.558444995647
47133,0.44596961433
47135,0.494720543543
47137,0.443116439342
47139,0.606048673342
47141,0.514018770404
47143,0.547211908923
47145,0.510981003009
47147,0.510770171645
47149,0.439114201182
47151,0.510683409116
47153,0.461082138744
47155,0.567118792972
47157,0.576158701402
47159,0.429575664176
47161,0.524314984444
47163,0.509770322543
47165,0.492224618461
47167,0.487410284381
47169,0.475573044822
47171,0.459231383685
47173,0.464798659414
47175,0.374128829914
47177,0.486040304983
47179,0.526400962759
47181,0.523314158681
47183,0.510762146212
47185,0.513658007369
47187,0.580563176959
47189,0.487051003194
48001,0.468735892721
48003,0.499621130032
48005,0.575953386122
48007,0.536625468842
48009,0.476535306337
48011,0.515154885158
48013,0.565321814277
48015,0.508819395934
48017,0.639261844921
48019,0.475130593248
48021,0.506923048228
48023,0.574947734486
48025,0.548019265137
48027,0.497676158007
48029,0.552919565643
48031,0.562146390983
48033,0.350627376446
48035,0.531844996593
48037,0.586284757631
48039,0.471706605188
48041,0.447372896649
48043,0.501428171218
48045,0.607615570177
48047,0.596623193517
48049,0.504305062082
48051,0.533041674838
48053,0.521476350079
48055,0.581810666551
48057,0.539692493093
48059,0.591028672286
48061,0.538403999589
48063,0.576213733023
48065,0.517018696591
48067,0.584451546072
48069,0.549312071579
48071,0.388398606925
48073,0.513880257946
48075,0.482669705573
48077,0.492660915345
48079,0.586803029065
48081,0.478267646823
48083,0.504824248099
48085,0.448080809771
48087,0.639269889977
48089,0.555342378525
48091,0.522394464715
48093,0.526779582359
48095,0.446491733213
48097,0.538579308551
48099,0.481356585418
48101,0.533630954926
48103,0.455411715756
48105,0.280312161388
48107,0.597992318139
48109,0.350103503541
48111,0.565856596173
48113,0.593729517584
48115,0.498918856249
48117,0.619609282607
48119,0.587876287586
48121,0.443525271912
48123,0.485785820118
48125,0.44738745848
48127,0.613311744327
48129,0.458373600282
48131,0.56124700586
48133,0.601888209421
48135,0.515206580066
48137,0.520418694305
48139,0.556730992193
48141,0.501953788046
48143,0.510306740902
48145,0.510159700973
48147,0.580656220456
48149,0.621871246696
48151,0.63234051728
48153,0.52592499858
48155,0.582633241031
48157,0.448958374867
48159,0.482126704739
48161,0.449030575987
48163,0.598225559129
48165,0.563929319726
48167,0.556883273115
48169,0.54307648208
48171,0.562916556787
48173,0.293574893129
48175,0.531126849674
48177,0.53561015481
48179,0.611324656484
48181,0.535289405112
48183,0.610512259814
48185,0.514836494202
48187,0.398558081405
48189,0.612092580354
48191,0.570490463761
48193,0.484306060525
48195,0.626087284893
48197,0.563713853278
48199,0.488276737621
48201,0.570216600941
48203,0.52824627705
48205,0.427613969292
48207,0.633421463308
48209,0.490552041044
48211,0.476885320723
48213,0.599107758145
48215,0.512158906173
48217,0.5525863674
48219,0.577962255364
48221,0.492828476663
48223,0.525972704472
48225,0.569474977088
48227,0.498143699637
48229,0.304687689201
48231,0.516120874879
48233,0.564832675285
48235,0.567316390629
48237,0.461292391002
48239,0.554559237534
48241,0.542943392687
48243,0.547487948017
48245,0.573848581249
48247,0.604174112849
48249,0.449692792396
48251,0.47459766542
48253,0.490556270547
48255,0.548072002562
48257,0.452716432811
48259,0.502457211644
48261,0.161127564824
48263,0.453503468623
48265,0.577224519877
48267,0.586067115391
48269,0.596294054806
48271,0.278833175113
48273,0.570526224261
48275,0.604711599115
48277,0.490894859466
48279,0.633479678809
48281,0.454344487289
48283,0.644590637454
48285,0.679945230003
48287,0.545646854066
48289,0.520554782111
48291,0.553817425956
48293,0.553750056722
48295,0.57954540898
48297,0.503131292507
48299,0.47761725209
48301,0.00510937453267
48303,0.516660171268
48305,0.511770667452
48307,0.60188579092
48309,0.57471912465
48311,0.589419872189
48313,0.516137985127
48315,0.403653941536
48317,0.41750554777
48319,0.538268988531
48321,0.577002012549
48323,0.481846311385
48325,0.532439903381
48327,0.526312467348
48329,0.569166566741
48331,0.529624217407
48333,0.43719077852
48335,0.404793905259
48337,0.542299812354
48339,0.467554859675
48341,0.602019846598
48343,0.492282289325
48345,0.521397295571
48347,0.534632648628
48349,0.566604565936
48351,0.492445488924
48353,0.582991297903
48355,0.552896579046
48357,0.605764907996
48359,0.357525001507
48361,0.45154446573
48363,0.49723781005
48365,0.463775046471
48367,0.445044273298
48369,0.55617106312
48371,0.424667681425
48373,0.483337952736
48375,0.610585323196
48377,0.579323345925
48379,0.532675656713
48381,0.482498238131
48383,0.547089229097
48385,0.510041640223
48387,0.521260223866
48389,0.53222622757
48391,0.576139067311
48393,0.418633802339
48395,0.528768697189
48397,0.645721727396
48399,0.467386655094
48401,0.440809529873
48403,0.482342325082
48405,0.530894122722
48407,0.474563617511
48409,0.44833304351
48411,0.674698308461
48413,0.415532861733
48415,0.493897749569
48417,0.521667201545
48419,0.544305133423
48421,0.493790363661
48423,0.537877471283
48425,0.473341665275
48427,0.521945291664
48429,0.478802074503
48431,0.370286165326
48433,0.562766530868
48435,0.606339564602
48437,0.545714956909
48439,0.530711633599
48441,0.540878724452
48443,0.486287876977
48445,0.589761526054
48447,0.378262467301
48449,0.569118869442
48451,0.533754860464
48453,0.58289624654
48455,0.537545751139
48457,0.518081194142
48459,0.482437046426
48461,0.410790652788
48463,0.541564642177
48465,0.430542094191
48467,0.508671918029
48469,0.590921935478
48471,0.462863886414
48473,0.504004336023
48475,0.547137117075
48477,0.561674717679
48479,0.504817775572
48481,0.610191665216
48483,0.489956034371
48485,0.541953090947
48487,0.585836340765
48489,0.477844763539
48491,0.47916674846
48493,0.544182562211
48495,0.663771768799
48497,0.52796509935
48499,0.469057295489
48501,0.66796317989
48503,0.568518123891
48505,0.378367370067
48507,0.497798383857
49001,0.370631092976
49003,0.55688423186
49005,0.514098610411
49007,0.554440929344
49009,0.363651213034
49011,0.492230343018
49013,0.487145223513
49015,0.663271834703
49017,0.648457880637
49019,0.502293683242
49021,0.525106510593
49023,0.793363149876
49025,0.551591969759
49027,0.51093007807
49029,0.61883017478
49031,0.726034817949
49033,0.664936800052
49035,0.588042748319
49037,0.445661338297
49039,0.525128252597
49041,0.490946666891
49043,0.483701929361
49045,0.600670651691
49047,0.493394011352
49049,0.480035382587
49051,0.483098493973
49053,0.421885851609
49055,0.629687575413
49057,0.501318759236
50001,0.501240993474
50003,0.503824656188
50005,0.474765913279
50007,0.54642596107
50009,0.284442943754
50011,0.539190672754
50013,0.555734017501
50015,0.445195793935
50017,0.443753239029
50019,0.469742249355
50021,0.495588869335
50023,0.551909809134
50025,0.493716009737
50027,0.506661563185
51001,0.552385796968
51003,0.49576423826
51005,0.449038978721
51007,0.538834685323
51009,0.474667401707
51011,0.447615585677
51013,0.579787394287
51015,0.444215631481
51017,0.507967226334
51019,0.51612656477
51021,0.504590646367
51023,0.442687193092
51025,0.475175176218
51027,0.453574361121
51029,0.334862201226
51031,0.490128085312
51033,0.493679038535
51035,0.467218954576
51036,0.588489215508
51037,0.531740224204
51041,0.457229152533
51043,0.534645431663
51045,0.4460273033
51047,0.534938804137
51049,0.509307439383
51051,0.343521424002
51053,0.389363111448
51057,0.459593387931
51059,0.697177654803
51061,0.565264792611
51063,0.53163464876
51065,0.45266518027
51067,0.485201102874
51069,0.406672736834
51071,0.555789531352
51073,0.499078650597
51075,0.507433623841
51077,0.519016616559
51079,0.416015719002
51081,0.396715097316
51083,0.484089245239
51085,0.487653407879
51087,0.563691350007
51089,0.556413166424
51091,0.509114720231
51093,0.479994966627
51095,0.50827897323
51097,0.414901207034
51099,0.645950994353
51101,0.48256138972
51103,0.557841668314
51105,0.499986596314
51107,0.486686663795
51109,0.509508972604
51111,0.391122706224
51113,0.487245062771
51115,0.530552419517
51117,0.485464263744
51119,0.447802367778
51121,0.522971633583
51125,0.627936091909
51127,0.439598143911
51131,0.614017573115
51133,0.483227694785
51135,0.534742588524
51137,0.516499357459
51139,0.516000782393
51141,0.442038488091
51143,0.440446857983
51145,0.405051456823
51147,0.457944000894
51149,0.375802950115
51153,0.609197184319
51155,0.494210575796
51157,0.519029300124
51159,0.510217932653
51161,0.554905837389
51163,0.462001686461
51165,0.45298983124
51167,0.518670108683
51169,0.471142296094
51171,0.502110553326
51173,0.476769449219
51175,0.450528447234
51177,0.43937385376
51179,0.483725253459
51181,0.45339774896
51183,0.488344112235
51185,0.502192125124
51187,0.567853955525
51191,0.480307177228
51193,0.501583299809
51195,0.444908333218
51197,0.512155822288
51199,0.468435629021
51510,0.63442052922
51515,0.732009033442
51520,0.71529153234
51530,0.635044384071
51540,0.712689506255
51550,0.464317421719
51570,0.781489566488
51580,0.805820716679
51590,0.632847679137
51595,0.694410081627
51600,0.774560244692
51610,0.764310627608
51620,0.778994338515
51630,0.836907990622
51640,0.668537355352
51650,0.566238743811
51660,0.624514169938
51670,0.597262885928
51678,0.629282636053
51680,0.688583661566
51683,0.758146678451
51685,0.864214940559
51690,0.708531206271
51700,0.516823059066
51710,0.608867572642
51720,0.512971921133
51730,0.776344190366
51735,0.520849045335
51740,0.578763930066
51750,0.589445430201
51760,0.715712612624
51770,0.668387532491
51775,0.576065259337
51790,0.631991421982
51800,0.445102108791
51810,0.499473976071
51820,0.639485136959
51830,0.685414599058
51840,0.709865900007
53001,0.480909288945
53003,0.44333777048
53005,0.494375244322
53007,0.466800037759
53009,0.439265182966
53011,0.485602338341
53013,0.46975366846
53015,0.497453052076
53017,0.468445203274
53019,0.336065625017
53021,0.465707331914
53023,0.472471654168
53025,0.459300171286
53027,0.470623561329
53029,0.479279859483
53031,0.455211897403
53033,0.555928618689
53035,0.527167597781
53037,0.367295709055
53039,0.443430986247
53041,0.421010067992
53043,0.419347128975
53045,0.417610570126
53047,0.434808628059
53049,0.465699909858
53051,0.321400633675
53053,0.476432032544
53055,0.483027536571
53057,0.515183896384
53059,0.256846553656
53061,0.456779923278
53063,0.48357985576
53065,0.438754946418
53067,0.513938973375
53069,0.518974111979
53071,0.490832490194
53073,0.45388522409
53075,0.378225777213
53077,0.484821660602
54001,0.465320190153
54003,0.465621475105
54005,0.4005551582
54007,0.47109565043
54009,0.486216513433
54011,0.523543349607
54013,0.549287397424
54015,0.459642562916
54017,0.468604427871
54019,0.50670830948
54021,0.379985481774
54023,0.478834137821
54025,0.505895495768
54027,0.495297551049
54029,0.560196600345
54031,0.442381506793
54033,0.508137860823
54035,0.457236069248
54037,0.555242406579
54039,0.546328499118
54041,0.442307581697
54043,0.40827444384
54045,0.37066775248
54047,0.353429488808
54049,0.532138049376
54051,0.481714279534
54053,0.412782694513
54055,0.488773125499
54057,0.492520809001
54059,0.466664273053
54061,0.480184859596
54063,0.518352822124
54065,0.488094656655
54067,0.452131700805
54069,0.5468959362
54071,0.595093978864
54073,0.517510673612
54075,0.539847351244
54077,0.476596639893
54079,0.412574723091
54081,0.406179834325
54083,0.511707481333
54085,0.407972591442
54087,0.370628576042
54089,0.4723294935
54091,0.488083502591
54093,0.529471885671
54095,0.476202326603
54097,0.415200565408
54099,0.413083352654
54101,0.42928931747
54103,0.55291129686
54105,0.459784860299
54107,0.520481096641
54109,0.420095984306
55001,0.421238509053
55003,0.533637333955
55005,0.508959737917
55007,0.490660242051
55009,0.508142323612
55011,0.543386850316
55013,0.46965698199
55015,0.465720948968
55017,0.416841391715
55019,0.455966973138
55021,0.488510856676
55023,0.518556477479
55025,0.560002558755
55027,0.481871709551
55029,0.591552805574
55031,0.486318172937
55033,0.441756047445
55035,0.489904783463
55037,0.413227509617
55039,0.493501618472
55041,0.496621085337
55043,0.51858814203
55045,0.480885017929
55047,0.518928248335
55049,0.474395664941
55051,0.460756010389
55053,0.460327986469
55055,0.539074702369
55057,0.485789534214
55059,0.448445364473
55061,0.498634093876
55063,0.529276757777
55065,0.551335612637
55067,0.517065021632
55069,0.562015439009
55071,0.440379547804
55073,0.461040459279
55075,0.441742939319
55077,0.518141214025
55078,0.528347308096
55079,0.578472042479
55081,0.45346606877
55083,0.483770628111
55085,0.471186113399
55087,0.536699100812
55089,0.504692052179
55091,0.501211463245
55093,0.500258438409
55095,0.508662959846
55097,0.517032026545
55099,0.497368522197
55101,0.482690579988
55103,0.460289470383
55105,0.463498165386
55107,0.462975250136
55109,0.508700353116
55111,0.524723523181
55113,0.508602779409
55115,0.481851407604
55117,0.514675142065
55119,0.549104609888
55121,0.545234332917
55123,0.518847177075
55125,0.508267290125
55127,0.47845188848
55129,0.494080448055
55131,0.506618253512
55133,0.48602998259
55135,0.474373451941
55137,0.508000113682
55139,0.48836338898
55141,0.463683888063
56001,0.430214275169
56003,0.397948155557
56005,0.401721366441
56007,0.405585172307
56009,0.498931860398
56011,0.348385353502
56013,0.518209175682
56015,0.40594461227
56017,0.432061999936
56019,0.471996086198
56021,0.47752775125
56023,0.547831020781
56025,0.465891948655
56027,0.397360736466
56029,0.499959169863
56031,0.428984639328
56033,0.521611974733
56035,0.519074247817
56037,0.489966432181
56039,0.437370911447
56041,0.509904006032
56043,0.505839731804
56045,0.477456718511
